Workbook

Sheet Sheet1
B2: Products
B3: ProductID | C3: Product | D3: Price
B4: 101 | C4: Product A | D4: 120
B5: 102 | C5: Product B | D5: 150
B6: 103 | C6: Product C | D6: 200
B7: 104 | C7: Product D | D7: 90
B8: 105 | C8: Product E | D8: 220
B9: 106 | C9: Product F | D9: 130

Sheet Sheet4
A1: Orders | E1: 1 | F1: 2 | K1: 3 | M1: 4
A2: Order ID | B2: Product ID | C2: Quantity | E2: PRODUCT ID | F2: PRICE | G2: TOTAL PRICE | K2: ProductID Exist | M2: Price | N2: Quantity | O2: Max value
A3: 1 | B3: 101 | C3: 2 | E3: =VLOOKUP(B3,Sheet1!B3:C9,2,FALSE) -> Product A | F3: =VLOOKUP(B3,Sheet1!B2:D9,3,FALSE) -> 120 | G3: =C3*VLOOKUP(B3,Sheet1!B2:D9,3,FALSE) -> 240 | H3: OR | I3: =F3*C3 -> 240 | K3: =Sheet3!G3=IF(ISNA(VLOOKUP(B3,Sheet1!B2:D9,1,FALSE)),"DE","Exist") -> FALSE | M3: =VLOOKUP(B3,Sheet1!B2:D9,3,FALSE) -> 120 | N3: =VLOOKUP(A3,Sheet4!A1:C8,3,FALSE) -> 2 | O3: =MAX(N3:N8) -> 6
A4: 2 | B4: 103 | C4: 1 | E4: =VLOOKUP(B4,Sheet1!B3:C9,2,FALSE) -> Product C | F4: =VLOOKUP(B4,Sheet1!B2:D9,3,FALSE) -> 200 | G4: =C4*VLOOKUP(B4,Sheet1!B2:D9,3,FALSE) -> 200 | H4: OR | I4: =F4*C4 -> 200 | K4: =IF(ISNA(VLOOKUP(B4,Sheet1!B2:D9,1,FALSE)),"DE","Exist") -> Exist | M4: =VLOOKUP(B4,Sheet1!B3:D10,1,FALSE) -> 103 | N4: =VLOOKUP(A4,Sheet4!A2:C9,3,FALSE) -> 1 | O4: =MAX(N4:N9) -> 6
A5: 3 | B5: 105 | C5: 4 | E5: =VLOOKUP(B5,Sheet1!B3:C9,2,FALSE) -> Product E | F5: =VLOOKUP(B5,Sheet1!B2:D9,3,FALSE) -> 220 | G5: =C5*VLOOKUP(B5,Sheet1!B2:D9,3,FALSE) -> 880 | H5: OR | I5: =C5*F5 -> 880 | K5: =IF(ISNA(VLOOKUP(B5,Sheet1!B3:B9,1,FALSE)),"NE","Exist") -> Exist | M5: =VLOOKUP(B5,Sheet1!B4:D11,1,FALSE) -> 105 | N5: =VLOOKUP(A5,A1:C8,3,FALSE) -> 4 | O5: =MAX(N5:N10) -> 6
A6: 4 | B6: 106 | C6: 3 | E6: =VLOOKUP(B6,Sheet1!B3:C9,2,FALSE) -> Product F | F6: =VLOOKUP(B6,Sheet1!B2:D9,3,FALSE) -> 130 | G6: =C6*VLOOKUP(B6,Sheet1!B2:D9,3,FALSE) -> 390 | H6: OR | I6: =C6*F6 -> 390 | K6: =IF(ISNA(VLOOKUP(B6,Sheet1!B3:B9,1,FALSE)),"NE","Exist") -> Exist | M6: =VLOOKUP(B6,Sheet1!B5:D12,1,FALSE) -> 106 | N6: =VLOOKUP(A6,A2:C9,3,FALSE) -> 3 | O6: =MAX(N6:N11) -> 6
A7: 5 | B7: 102 | C7: 5 | E7: =VLOOKUP(B7,Sheet1!B3:C9,2,FALSE) -> Product B | F7: =VLOOKUP(B7,Sheet1!B2:D9,3,FALSE) -> 150 | G7: =C7*VLOOKUP(B7,Sheet1!B2:D9,3,FALSE) -> 750 | H7: OR | I7: =F7*C7 -> 750 | K7: =IF(ISNA(VLOOKUP(B7,Sheet1!B4:B10,1,FALSE)),"NE","Exist") -> Exist | M7: =VLOOKUP(B7,Sheet1!B2:D9,1,FALSE) -> 102 | N7: =VLOOKUP(A7,A3:C10,3,FALSE) -> 5 | O7: =MAX(N7:N12) -> 6
A8: 6 | B8: 104 | C8: 6 | E8: =VLOOKUP(B8,Sheet1!B3:C9,2,FALSE) -> Product D | F8: =VLOOKUP(B8,Sheet1!B2:D9,3,FALSE) -> 90 | G8: =C8*VLOOKUP(B8,Sheet1!B2:D9,3,FALSE) -> 540 | H8: OR | I8: =F8*C8 -> 540 | K8: =IF(ISNA(VLOOKUP(B8,Sheet1!B5:B11,1,FALSE)),"NE","Exist") -> Exist | M8: =VLOOKUP(B8,Sheet1!B7:D14,1,FALSE) -> 104 | N8: =VLOOKUP(A8,A4:C11,3,FALSE) -> 6 | O8: =MAX(N8:N13) -> 6
B10: 1. Use VLOOKUP to find the product names for each ProductID in the Orders worksheet.
B12: 2. Use VLOOKUP to find the price for each ProductID in the Orders worksheet, then calculate the TotalPrice by multiplying the Quantity by the Product Price
B13: 3. Use VLOOKUP to check if there are any ProductIDs in the Orders worksheet that do not exist in the Products worksheet
B14: 4. Use VLOOKUP to find the price for each ProductID and then calculate the order value. Find the maximum order value from the list
B17: 5. Use VLOOKUP to find the Product name and summarize the total quantity sold for each product

Sheet Sheet3
A1: 6. Use VLOOKUP to find out which products from the Products worksheet have not been ordered | J1: (extra one)
B2: Products | C2: Not Ordered
B3: =VLOOKUP(Sheet1!B4,Sheet1!B2:D9,2,FALSE) -> Product A
B4: =VLOOKUP(Sheet1!B5,Sheet1!B3:D10,2,FALSE) -> Product B
B5: =VLOOKUP(Sheet1!B6,Sheet1!B4:D11,2,FALSE) -> Product C
B6: =VLOOKUP(Sheet1!B7,Sheet1!B5:D12,2,FALSE) -> Product D
B7: =VLOOKUP(Sheet1!B8,Sheet1!B6:D13,2,FALSE) -> Product E
B8: =VLOOKUP(Sheet1!B9,Sheet1!B7:D14,2,FALSE) -> Product F

Sheet Sheet2
A1: Products | D1: 5
A2: ProductID | B2: Product | C2: Price | D2: Product Name | E2: Total Quantity
A3: 101 | B3: Product A | C3: 120 | D3: Product A | E3: =VLOOKUP(A3,Sheet4!B2:C8,2,FALSE) -> 2
A4: 102 | B4: Product B | C4: 150 | D4: Product C | E4: =VLOOKUP(A4,Sheet4!B3:C9,2,FALSE) -> 5
A5: 103 | B5: Product C | C5: 200 | D5: Product E | E5: =VLOOKUP(A5,Sheet4!B4:C10,2,FALSE) -> 1
A6: 104 | B6: Product D | C6: 90 | D6: Product F | E6: =VLOOKUP(A6,Sheet4!B5:C11,2,FALSE) -> 6
A7: 105 | B7: Product E | C7: 220 | D7: Product B | E7: =VLOOKUP(A7,Sheet4!B2:C8,2,FALSE) -> 4
A8: 106 | B8: Product F | C8: 130 | D8: Product D | E8: =VLOOKUP(A8,Sheet4!B2:C8,2,FALSE) -> 3
C12: 5. Use VLOOKUP to find the Product name and summarize the total quantity sold for each product
